insta_post_code,source_feed_code_ref,account_code_ref,vendor_code,hashtag,post_status,moderation_status,generated_image_asset,scheduled_upload_at,published_at,post_url,visibility_check,last_error_msg,post_code,caption copy,source_url,image_url,price,post_url copy,caption,retry_count,error_message,ig_media_id,like_count,comments_count
IP-001,SF-001,ACC-001, ,,draft,ready,,2026-04-14 17:00,,,0,, ,sample caption for post 001,,,,,,,,,,
IP-002,SF-002,ACC-002, ,,scheduled,ready,,2026-04-14 17:05,,,0,, ,sample caption for post 002,,,,,,,,,,
,,,V-000,#마케팅 #자동화 #수익화 #온라인사업,posted,,,,,,,,P-20260430172235,,https://www.facebook.com/groups/3393946167372584,https://images.unsplash.com/photo-1506905925346-21bda4d32df4?w=800,,,"🔥 이런 문제 겪고 있나요?

sample raw facebook post 001

✔ 해결 방법:
지금 바로 확인하세요.

👉 DM 보내면 안내드립니다",,,,,
,,,,,posted,,,,,,,,,,https://www.facebook.com/groups/3393946167372584,https://scontent-icn2-1.xx.fbcdn.net/v/t39.30808-6/693366723_1758735125091627_1079200640536993000_n.jpg?stp=dst-jpg_p960x960_tt6&_nc_cat=103&ccb=1-7&_nc_sid=e06c5d&_nc_ohc=HAskUsc-s-sQ7kNvwFyfsvH&_nc_oc=AdoJbTARP9Qtk0tVTcn_jBFOuADqORe2jv0DYh70kPn2nLzvYDmZ_CTWO9dPDji24Kc&_nc_zt=23&_nc_ht=scontent-icn2-1.xx&_nc_gid=WCCT1VeibxkR7Q-58Z61ZA&_nc_ss=7b2a8&oh=00_Af7htoPeMcGApudPk324zDwVBK7YSc8TfsYl_AzDTgodkg&oe=6A066641,,,,,,,,
,,,,,posted,,,,,,,,,,https://www.facebook.com/groups/3393946167372584,https://scontent-icn2-1.xx.fbcdn.net/v/t39.30808-6/689109994_122300262158222479_6327394135262015309_n.jpg?stp=dst-jpg_p960x960_tt6&_nc_cat=107&ccb=1-7&_nc_sid=7b2446&_nc_ohc=_jfLYv3fbisQ7kNvwFShWso&_nc_oc=AdpaCG1gOcsoCbskOsGEM_l6sKIzJ2B9Ny6XfU5yu3vakITN_wmOoG9nPzk8i2dQmUQ&_nc_zt=23&_nc_ht=scontent-icn2-1.xx&_nc_gid=thoAP-fZ-HTq2rTWxhSivg&_nc_ss=7b2a8&oh=00_Af4wnGjA38d2eDcJCr4kRf35165z6DmYr4IvTWcgDOrxoA&oe=6A067CDD,,,,,,,,
,,,,,posted,,,,,,,,,,https://www.facebook.com/groups/3393946167372584,https://scontent-icn2-1.xx.fbcdn.net/v/t39.30808-6/689109994_122300262158222479_6327394135262015309_n.jpg?stp=dst-jpg_p960x960_tt6&_nc_cat=107&ccb=1-7&_nc_sid=7b2446&_nc_ohc=_jfLYv3fbisQ7kNvwFShWso&_nc_oc=AdpaCG1gOcsoCbskOsGEM_l6sKIzJ2B9Ny6XfU5yu3vakITN_wmOoG9nPzk8i2dQmUQ&_nc_zt=23&_nc_ht=scontent-icn2-1.xx&_nc_gid=x8V6y3Qc1jr8zx1r9VuNDQ&_nc_ss=7b2a8&oh=00_Af7oIpwUGnsAbIopaC8OomntVzXILwnI47dNMEimxsk3XQ&oe=6A067CDD,,,,,,,,
,,,,,posted,,,,,,,,,,https://www.facebook.com/groups/3393946167372584,https://scontent-icn2-1.xx.fbcdn.net/v/t39.30808-6/694662195_1815839592710754_8878105319467119999_n.jpg?stp=dst-jpg_p960x960_tt6&_nc_cat=104&ccb=1-7&_nc_sid=e06c5d&_nc_ohc=al52fgghlRwQ7kNvwGoCQZT&_nc_oc=Adrdq_ab_eI2idBSnP3fmiWxMfx52wU6aMTA5eiHH_j8pgCSd77hiMUxYjhe-96jyLw&_nc_zt=23&_nc_ht=scontent-icn2-1.xx&_nc_gid=SbApvd0qPO49Wtx8RKqKiA&_nc_ss=7b2a8&oh=00_Af6nDTPcXqRhvhq-CCY7eyLstcNzXVRgEddzr5DAuhxKHw&oe=6A075DF2,,,,1,,,,
,,,,,posted,,,,,,,,,,https://www.facebook.com/groups/3393946167372584,https://scontent-icn2-1.xx.fbcdn.net/v/t39.30808-6/696357351_122248213496307020_9112431164041551432_n.jpg?stp=dst-jpg_s1080x2048_tt6&_nc_cat=105&ccb=1-7&_nc_sid=e06c5d&_nc_ohc=PeWQtfkjwrwQ7kNvwFRORoy&_nc_oc=AdqCx9n2sDg2Tdg_sYR9pyPBAEGj1P77aqdnVjzoMgvBOgjfft4szZEQAKL-od43LJc&_nc_zt=23&_nc_ht=scontent-icn2-1.xx&_nc_gid=iQNt1IJ8HguRY4o4Fy-YKA&_nc_ss=7b2a8&oh=00_Af7BKQONTVruZvFNqTnjI4_KKKW6hwk-aqmNuOsv9oxlHQ&oe=6A074171,,,,0,,,,
,,,,,posted,,,,,,,,,,https://www.facebook.com/groups/3393946167372584,https://scontent-icn2-1.xx.fbcdn.net/v/t39.30808-1/546481969_757369210542284_6975826758935984688_n.jpg?stp=cp0_dst-jpg_s80x80_tt6&_nc_cat=107&ccb=1-7&_nc_sid=2d3e12&_nc_ohc=GN47eteKObUQ7kNvwH1URpv&_nc_oc=AdrCzWuhso-NMEEdxaKdG3OcrTpmiRIcYb7VcHSoUhfijoGs4HYBYbrjruCY9RFxXJw&_nc_zt=24&_nc_ht=scontent-icn2-1.xx&_nc_gid=rrn85CBfIau5lXz72U94HQ&_nc_ss=7b2a8&oh=00_Af6cOhrcVQ8adbRplRfXIupZ-m2FCR5Nl7zdrT5FSCWe0w&oe=6A076B95,,,,0,,,,
,,,,,posted,,,,,,,,,,https://www.facebook.com/groups/3393946167372584,https://scontent-icn2-1.xx.fbcdn.net/v/t39.30808-1/546481969_757369210542284_6975826758935984688_n.jpg?stp=cp0_dst-jpg_s80x80_tt6&_nc_cat=107&ccb=1-7&_nc_sid=2d3e12&_nc_ohc=GN47eteKObUQ7kNvwH1URpv&_nc_oc=AdrCzWuhso-NMEEdxaKdG3OcrTpmiRIcYb7VcHSoUhfijoGs4HYBYbrjruCY9RFxXJw&_nc_zt=24&_nc_ht=scontent-icn2-1.xx&_nc_gid=51Uq92KQE_cgoNIDy9OPJQ&_nc_ss=7b2a8&oh=00_Af74Q7Bjlsu6kanZIarm8miOx3j7bSX3btRHxIKhfkHNFA&oe=6A076B95,,,,2,,,,
,,,,,posted,,,,,,,,,,https://www.facebook.com/groups/3393946167372584,https://scontent-icn2-1.xx.fbcdn.net/v/t39.30808-6/696124324_4274098866066924_3788991841928397184_n.jpg?_nc_cat=106&ccb=1-7&_nc_sid=e06c5d&_nc_ohc=BJwJKtp1hjMQ7kNvwHWYXdL&_nc_oc=AdrOjvpKIKEqHSlrA0zKI_M1a-AWMtmDHi15zc9TV5EHMYcuj10TqFcG6TnkS5iUkgs&_nc_zt=23&_nc_ht=scontent-icn2-1.xx&_nc_gid=UfNvyoyoqxDagJTBR41BrA&_nc_ss=7b2a8&oh=00_Af73mOcTwpD7h9NhQhwz9UVbmPxjqSqiDxzNKGKMPk9XuQ&oe=6A0776DF,,,,0,,,,
,,,,,posted,,,,,,,,,,https://www.facebook.com/groups/3393946167372584,https://scontent-icn2-1.xx.fbcdn.net/v/t39.30808-6/691698591_122211277748318790_3363681156625797453_n.jpg?stp=dst-jpg_s1080x2048_tt6&_nc_cat=101&ccb=1-7&_nc_sid=7b2446&_nc_ohc=R_69HJa7ou8Q7kNvwFomDzn&_nc_oc=AdrwlULabbMC2hANDJlZhcDZE9K8I_XR0pFxFIvcpenJsdOlTxjwkYiiYsU38vq4MOk&_nc_zt=23&_nc_ht=scontent-icn2-1.xx&_nc_gid=h7ZlzFZF3IXjZf2c6eKPag&_nc_ss=7b2a8&oh=00_Af5vO5x4xihmUhUZ2S5XsR_dGhmAFVdSaC57ChX0L6ssww&oe=6A0766C2,,,,1,,,,
,,,,,posted,,,,,,,,,,https://www.facebook.com/groups/3393946167372584,https://scontent-icn2-1.xx.fbcdn.net/v/t39.30808-6/696124324_4274098866066924_3788991841928397184_n.jpg?_nc_cat=106&ccb=1-7&_nc_sid=e06c5d&_nc_ohc=vKWjHoVa0rYQ7kNvwE7HbWC&_nc_oc=AdoN_PkC7O_QZ0md35iHyuMDH3cxPIUUlwJuDVs5Ndk-5v4hmg9x7IENO9BKn_jE2tw&_nc_zt=23&_nc_ht=scontent-icn2-1.xx&_nc_gid=jp1oeO139Ak3rnShtGRpDA&_nc_ss=7b2a8&oh=00_Af4v5JRNzpYLLP1X2_t2jDJmQwnaTV28wUoSAxDwbrW37g&oe=6A0776DF,,,,1,,,,
,,,,,posted,,,,,,,,,,https://www.facebook.com/groups/3393946167372584,https://scontent-icn2-1.xx.fbcdn.net/v/t39.30808-6/696124324_4274098866066924_3788991841928397184_n.jpg?_nc_cat=106&ccb=1-7&_nc_sid=e06c5d&_nc_ohc=vKWjHoVa0rYQ7kNvwE7HbWC&_nc_oc=AdoN_PkC7O_QZ0md35iHyuMDH3cxPIUUlwJuDVs5Ndk-5v4hmg9x7IENO9BKn_jE2tw&_nc_zt=23&_nc_ht=scontent-icn2-1.xx&_nc_gid=s38mg4IfJW1G-wIe0hPtWg&_nc_ss=7b2a8&oh=00_Af4uLrB3G1enXAc4fduxICS36olwWDhtAXAgKJbCX9nn8g&oe=6A0776DF,,,,0,,,,
,,,,,posted,,,,,,,,,,https://www.facebook.com/groups/3393946167372584,https://scontent-icn2-1.xx.fbcdn.net/v/t39.30808-6/698658754_1759466731685133_6251199598526829242_n.jpg?_nc_cat=108&ccb=1-7&_nc_sid=7b2446&_nc_ohc=55bU_GO-DyEQ7kNvwFTIhq1&_nc_oc=AdpskHCC2oKDkMV4DPysjsz0QhWxD-blvaE1LAgqZD3uGRYsKvrxtBQjP0zodh8QF00&_nc_zt=23&_nc_ht=scontent-icn2-1.xx&_nc_gid=Ci8_q96m0wVtXuqa4Bq1Tg&_nc_ss=7b2a8&oh=00_Af5mBqjktkFkJ1E31v3Ou1ckt4t2y_94WVdqspndlriLog&oe=6A079292,,,,0,,,,
,,,,,posted,,,,,,,,,,https://www.facebook.com/groups/3393946167372584,https://scontent-icn2-1.xx.fbcdn.net/v/t39.30808-6/698658754_1759466731685133_6251199598526829242_n.jpg?_nc_cat=108&ccb=1-7&_nc_sid=7b2446&_nc_ohc=55bU_GO-DyEQ7kNvwFTIhq1&_nc_oc=AdpskHCC2oKDkMV4DPysjsz0QhWxD-blvaE1LAgqZD3uGRYsKvrxtBQjP0zodh8QF00&_nc_zt=23&_nc_ht=scontent-icn2-1.xx&_nc_gid=ODVT39IdAkDhT6kUAtalUw&_nc_ss=7b2a8&oh=00_Af7K8gxuC2OaLPnj_PsQeIKoZfF21IzKroSnYHuKLswi2w&oe=6A079292,,,,2,,,,
,,,,,posted,,,,,,,,,,https://www.facebook.com/groups/3393946167372584,https://scontent-icn2-1.xx.fbcdn.net/v/t39.30808-6/698658754_1759466731685133_6251199598526829242_n.jpg?_nc_cat=108&ccb=1-7&_nc_sid=7b2446&_nc_ohc=55bU_GO-DyEQ7kNvwFTIhq1&_nc_oc=AdpskHCC2oKDkMV4DPysjsz0QhWxD-blvaE1LAgqZD3uGRYsKvrxtBQjP0zodh8QF00&_nc_zt=23&_nc_ht=scontent-icn2-1.xx&_nc_gid=4m-KT-s8b5NnyhKIXnUDTA&_nc_ss=7b2a8&oh=00_Af64HbUI7c1fr3Bo419maKCWDypL-IqFu9YYGroq-1X9Pw&oe=6A079292,,,,0,,,,
,,,,,posted,,,,,,,,,,https://www.facebook.com/groups/3393946167372584,https://scontent-icn2-1.xx.fbcdn.net/v/t39.30808-6/698658754_1759466731685133_6251199598526829242_n.jpg?_nc_cat=108&ccb=1-7&_nc_sid=7b2446&_nc_ohc=55bU_GO-DyEQ7kNvwFTIhq1&_nc_oc=AdpskHCC2oKDkMV4DPysjsz0QhWxD-blvaE1LAgqZD3uGRYsKvrxtBQjP0zodh8QF00&_nc_zt=23&_nc_ht=scontent-icn2-1.xx&_nc_gid=V3cZ-NIlr7T0lSB44Y2zew&_nc_ss=7b2a8&oh=00_Af5AN0s0KbIxkx3QbBF0m5hIgNIFQLmyMdfBkUvYb3t6gA&oe=6A079292,,,,1,,,,
,,,,,posted,,,,,,,,,,https://www.facebook.com/groups/3393946167372584,https://scontent-icn2-1.xx.fbcdn.net/v/t39.30808-6/698658754_1759466731685133_6251199598526829242_n.jpg?_nc_cat=108&ccb=1-7&_nc_sid=7b2446&_nc_ohc=55bU_GO-DyEQ7kNvwFTIhq1&_nc_oc=AdpskHCC2oKDkMV4DPysjsz0QhWxD-blvaE1LAgqZD3uGRYsKvrxtBQjP0zodh8QF00&_nc_zt=23&_nc_ht=scontent-icn2-1.xx&_nc_gid=1Fvz8b7bL09M6l4ZSzaWmg&_nc_ss=7b2a8&oh=00_Af5DXfX05kb4a8VagagJgPZakKV_8OmLPpEdrTulGjaciQ&oe=6A079292,,,,0,,,,
,,,,,posted,,,,,,,,,,https://www.facebook.com/groups/3393946167372584,https://scontent-icn2-1.xx.fbcdn.net/v/t39.30808-6/698658754_1759466731685133_6251199598526829242_n.jpg?_nc_cat=108&ccb=1-7&_nc_sid=7b2446&_nc_ohc=55bU_GO-DyEQ7kNvwFTIhq1&_nc_oc=AdpskHCC2oKDkMV4DPysjsz0QhWxD-blvaE1LAgqZD3uGRYsKvrxtBQjP0zodh8QF00&_nc_zt=23&_nc_ht=scontent-icn2-1.xx&_nc_gid=HVNXXQpKhxEcYHuQujb0Zw&_nc_ss=7b2a8&oh=00_Af7tMReugpbxJCPxeC80yxjX2kB1-5dLpIt6BkQFYs1UvQ&oe=6A079292,,,,0,,,,
,,,,,posted,,,,,,,,,,https://www.facebook.com/groups/3393946167372584,https://scontent-icn2-1.xx.fbcdn.net/v/t39.30808-6/698658754_1759466731685133_6251199598526829242_n.jpg?_nc_cat=108&ccb=1-7&_nc_sid=7b2446&_nc_ohc=55bU_GO-DyEQ7kNvwFTIhq1&_nc_oc=AdpskHCC2oKDkMV4DPysjsz0QhWxD-blvaE1LAgqZD3uGRYsKvrxtBQjP0zodh8QF00&_nc_zt=23&_nc_ht=scontent-icn2-1.xx&_nc_gid=ZZATORW5M8Id-DTEWHyOrA&_nc_ss=7b2a8&oh=00_Af72Fn8gU92eG6-BIfZht6Ngh0qFFxd316ML5hAocsRI4A&oe=6A079292,,,,1,,,,
,,,,,posted,,,,,,,,,,https://www.facebook.com/groups/3393946167372584,https://scontent-icn2-1.xx.fbcdn.net/v/t39.30808-6/698658754_1759466731685133_6251199598526829242_n.jpg?_nc_cat=108&ccb=1-7&_nc_sid=7b2446&_nc_ohc=55bU_GO-DyEQ7kNvwFTIhq1&_nc_oc=AdpskHCC2oKDkMV4DPysjsz0QhWxD-blvaE1LAgqZD3uGRYsKvrxtBQjP0zodh8QF00&_nc_zt=23&_nc_ht=scontent-icn2-1.xx&_nc_gid=_R3LLaO5AtumfCkeQdo8tw&_nc_ss=7b2a8&oh=00_Af5q27R1W9jsBn9O_xhURQsAvP0tZYHYJlfEaTGVsOBLdw&oe=6A079292,,,,1,,,,
,,,,,posted,,,,,,,,,,https://www.facebook.com/groups/3393946167372584,https://scontent-icn2-1.xx.fbcdn.net/v/t39.30808-6/698658754_1759466731685133_6251199598526829242_n.jpg?_nc_cat=108&ccb=1-7&_nc_sid=7b2446&_nc_ohc=55bU_GO-DyEQ7kNvwFTIhq1&_nc_oc=AdpskHCC2oKDkMV4DPysjsz0QhWxD-blvaE1LAgqZD3uGRYsKvrxtBQjP0zodh8QF00&_nc_zt=23&_nc_ht=scontent-icn2-1.xx&_nc_gid=xle1GBb5G_jfP8SvZa8Vlw&_nc_ss=7b2a8&oh=00_Af4pkXlVT5BzVXH7UKEZTFdzsfgpCgBDgVz5F3MfyPnjGg&oe=6A079292,,,,0,,,,
,,,,,posted,,,,,,,,,,https://www.facebook.com/groups/3393946167372584,https://scontent-icn2-1.xx.fbcdn.net/v/t39.30808-6/698658754_1759466731685133_6251199598526829242_n.jpg?_nc_cat=108&ccb=1-7&_nc_sid=7b2446&_nc_ohc=55bU_GO-DyEQ7kNvwFTIhq1&_nc_oc=AdpskHCC2oKDkMV4DPysjsz0QhWxD-blvaE1LAgqZD3uGRYsKvrxtBQjP0zodh8QF00&_nc_zt=23&_nc_ht=scontent-icn2-1.xx&_nc_gid=UBit2RP_DBuswyXTy_1P_w&_nc_ss=7b2a8&oh=00_Af4BpelbYWELVtPMB15pGZ_qyKzGbFz97lqeEwqIyXiBlA&oe=6A079292,,,,0,,,,
,,,,,posted,,,,,,,,,,https://www.facebook.com/groups/3393946167372584,https://scontent-icn2-1.xx.fbcdn.net/v/t39.30808-6/696171258_898302209889021_5806722386930975878_n.jpg?_nc_cat=109&ccb=1-7&_nc_sid=e06c5d&_nc_ohc=g0F8W8ygFSsQ7kNvwGzSdyi&_nc_oc=AdoINLVbenu_2GwZ4oBb64k0W6ghLlYr7w_k0iygboRwQex4E9qgh3xGoDHIx47vJ30&_nc_zt=23&_nc_ht=scontent-icn2-1.xx&_nc_gid=gBI3fx5Cj98glZ5jct-YNw&_nc_ss=7b2a8&oh=00_Af77hk3uSvFpxNaKHYcT5fuTJV4fl4DC8W-fweaEXDTHkg&oe=6A07B540,,,,0,,,,
,,,,,posted,,,,,,,,,,https://www.facebook.com/groups/3393946167372584,https://scontent-icn2-1.xx.fbcdn.net/v/t39.30808-6/696171258_898302209889021_5806722386930975878_n.jpg?_nc_cat=109&ccb=1-7&_nc_sid=e06c5d&_nc_ohc=g0F8W8ygFSsQ7kNvwGzSdyi&_nc_oc=AdoINLVbenu_2GwZ4oBb64k0W6ghLlYr7w_k0iygboRwQex4E9qgh3xGoDHIx47vJ30&_nc_zt=23&_nc_ht=scontent-icn2-1.xx&_nc_gid=raGvXi1PAGq1Vr94lT5QjQ&_nc_ss=7b2a8&oh=00_Af40_kgPvKkZSRAnkXuCkUPPayk9AxYywzuNG-1sn4tf-w&oe=6A07B540,,,,1,,,,
,,,,,posted,,,,,,,,,,https://www.facebook.com/groups/3393946167372584,https://scontent-icn2-1.xx.fbcdn.net/v/t39.30808-6/696171258_898302209889021_5806722386930975878_n.jpg?_nc_cat=109&ccb=1-7&_nc_sid=e06c5d&_nc_ohc=g0F8W8ygFSsQ7kNvwGzSdyi&_nc_oc=AdoINLVbenu_2GwZ4oBb64k0W6ghLlYr7w_k0iygboRwQex4E9qgh3xGoDHIx47vJ30&_nc_zt=23&_nc_ht=scontent-icn2-1.xx&_nc_gid=aZQ5B2eWe1tY19AZU6gi9g&_nc_ss=7b2a8&oh=00_Af4PflbZEzEOi1NDOW7s8bastLDdlTHp1J23xxlD26x4hQ&oe=6A07B540,,,,1,,,,
,,,,,posted,,,,,,,,,,https://www.facebook.com/groups/3393946167372584,https://scontent-icn2-1.xx.fbcdn.net/v/t39.30808-6/696171258_898302209889021_5806722386930975878_n.jpg?_nc_cat=109&ccb=1-7&_nc_sid=e06c5d&_nc_ohc=g0F8W8ygFSsQ7kNvwGzSdyi&_nc_oc=AdoINLVbenu_2GwZ4oBb64k0W6ghLlYr7w_k0iygboRwQex4E9qgh3xGoDHIx47vJ30&_nc_zt=23&_nc_ht=scontent-icn2-1.xx&_nc_gid=9wn6jzkyjtFtSJjrpKv8hw&_nc_ss=7b2a8&oh=00_Af4thYYgZsqeyNEWsNNSU98a8auCOgw1VS1IdhuUhaak9g&oe=6A07B540,,,,0,,,,
,,,,,posted,,,,,,,,,,https://www.facebook.com/groups/3393946167372584,https://scontent-icn2-1.xx.fbcdn.net/v/t39.30808-6/696171258_898302209889021_5806722386930975878_n.jpg?_nc_cat=109&ccb=1-7&_nc_sid=e06c5d&_nc_ohc=g0F8W8ygFSsQ7kNvwGzSdyi&_nc_oc=AdoINLVbenu_2GwZ4oBb64k0W6ghLlYr7w_k0iygboRwQex4E9qgh3xGoDHIx47vJ30&_nc_zt=23&_nc_ht=scontent-icn2-1.xx&_nc_gid=PklZ__bYtjMpjb54rZ6gvg&_nc_ss=7b2a8&oh=00_Af5NctATHIb6tFXDcQ8aHCjguv2pPmsrz39x4BC8tD6Kfw&oe=6A07B540,,,,1,,,,
,,,,,posted,,,,,,,,,,https://www.facebook.com/groups/3393946167372584,https://scontent-icn2-1.xx.fbcdn.net/v/t39.30808-6/689013509_122300463194222479_6159890455841513679_n.jpg?stp=dst-jpg_p843x403_tt6&_nc_cat=105&ccb=1-7&_nc_sid=e06c5d&_nc_ohc=IcdQvPy4JVQQ7kNvwEaedIf&_nc_oc=Adps2dqLe4z6T75aPkc8_evPogjDmnnaB6tSu7KlY2-h6oa6A9kOQhKxDQohguo-V2Q&_nc_zt=23&_nc_ht=scontent-icn2-1.xx&_nc_gid=xSD9q45D2pO7WpXbETuemg&_nc_ss=7b2a8&oh=00_Af5QZV-HA-kldjLSfKmPx5Ij5v7oGK3tdRAyF921Seyd6A&oe=6A07DFB8,,,,0,,,,
,,,,,posted,,,,,,,,,,https://www.facebook.com/groups/3393946167372584,https://scontent-icn2-1.xx.fbcdn.net/v/t39.30808-6/689013509_122300463194222479_6159890455841513679_n.jpg?stp=dst-jpg_p843x403_tt6&_nc_cat=105&ccb=1-7&_nc_sid=e06c5d&_nc_ohc=IcdQvPy4JVQQ7kNvwEaedIf&_nc_oc=Adps2dqLe4z6T75aPkc8_evPogjDmnnaB6tSu7KlY2-h6oa6A9kOQhKxDQohguo-V2Q&_nc_zt=23&_nc_ht=scontent-icn2-1.xx&_nc_gid=yDdT7wDWKFACExq23OPw-g&_nc_ss=7b2a8&oh=00_Af5-ev-dlvXsq-gmdlXSxgU19tnGQ_wSoI02y1nvXFVwQA&oe=6A07DFB8,,,,0,,,,
,,,,,posted,,,,,,,,,,https://www.facebook.com/groups/3393946167372584,https://scontent-icn2-1.xx.fbcdn.net/v/t39.30808-6/689013509_122300463194222479_6159890455841513679_n.jpg?stp=dst-jpg_p843x403_tt6&_nc_cat=105&ccb=1-7&_nc_sid=e06c5d&_nc_ohc=IcdQvPy4JVQQ7kNvwEaedIf&_nc_oc=Adps2dqLe4z6T75aPkc8_evPogjDmnnaB6tSu7KlY2-h6oa6A9kOQhKxDQohguo-V2Q&_nc_zt=23&_nc_ht=scontent-icn2-1.xx&_nc_gid=s6R6R7cupCWofTLsDLN4eA&_nc_ss=7b2a8&oh=00_Af7PoLzBpVE3oErs_8itQr8cWZYSHbsnPYCALNuXmqFPQw&oe=6A07DFB8,,,,0,,,,
,,,,,posted,,,,,,,,,,https://www.facebook.com/groups/3393946167372584,https://scontent-icn2-1.xx.fbcdn.net/v/t39.30808-6/689013509_122300463194222479_6159890455841513679_n.jpg?stp=dst-jpg_p843x403_tt6&_nc_cat=105&ccb=1-7&_nc_sid=e06c5d&_nc_ohc=IcdQvPy4JVQQ7kNvwEaedIf&_nc_oc=Adps2dqLe4z6T75aPkc8_evPogjDmnnaB6tSu7KlY2-h6oa6A9kOQhKxDQohguo-V2Q&_nc_zt=23&_nc_ht=scontent-icn2-1.xx&_nc_gid=d0MZRyQyLDu6h_tNhJ9D5w&_nc_ss=7b2a8&oh=00_Af69g9IkqfhGx3TH_3zArg1nuUAX_NmzdE8DuC6U9DVrpg&oe=6A07DFB8,,,,0,,,,
,,,,,posted,,,,,,,,,,https://www.facebook.com/groups/3393946167372584,https://scontent-icn2-1.xx.fbcdn.net/v/t39.30808-6/689013509_122300463194222479_6159890455841513679_n.jpg?stp=dst-jpg_p843x403_tt6&_nc_cat=105&ccb=1-7&_nc_sid=e06c5d&_nc_ohc=IcdQvPy4JVQQ7kNvwEaedIf&_nc_oc=Adps2dqLe4z6T75aPkc8_evPogjDmnnaB6tSu7KlY2-h6oa6A9kOQhKxDQohguo-V2Q&_nc_zt=23&_nc_ht=scontent-icn2-1.xx&_nc_gid=3HMf0QADqnVe_BiO5lfY_A&_nc_ss=7b2a8&oh=00_Af4WQteUoc4sWs-vVbJSnx09I0EvRO3JPQkmWbmYlqtdKw&oe=6A07DFB8,,,,0,,,,
,,,,,posted,,,,,,,,,,https://www.facebook.com/groups/3393946167372584,https://scontent-icn2-1.xx.fbcdn.net/v/t39.30808-6/689013509_122300463194222479_6159890455841513679_n.jpg?stp=dst-jpg_p843x403_tt6&_nc_cat=105&ccb=1-7&_nc_sid=e06c5d&_nc_ohc=IcdQvPy4JVQQ7kNvwEaedIf&_nc_oc=Adps2dqLe4z6T75aPkc8_evPogjDmnnaB6tSu7KlY2-h6oa6A9kOQhKxDQohguo-V2Q&_nc_zt=23&_nc_ht=scontent-icn2-1.xx&_nc_gid=rIkatUapBB1WhM-3VpFljQ&_nc_ss=7b2a8&oh=00_Af4LEto-Ue3sSsbA-fLRl11eUfSsLY7XHMVc43Yd9977eg&oe=6A085038,,,,2,,,,
,,,,,failed,,,,,,,"게시 실패: {'error': {'message': 'Media ID is not available', 'type': 'OAuthException', 'code': 9007, 'error_subcode': 2207027, 'is_transient': False, 'error_user_title': '게시할 수 없음', 'error_user_msg': '아직 준비가 완료되지 않아 미디어를 게시할 수 없습니다. 잠시만 기다려주세요', 'fbtrace_id': 'A8OUjHHB6_4kF7Hm6ip_vtN'}}",,,https://www.facebook.com/groups/3393946167372584,https://scontent-icn2-1.xx.fbcdn.net/v/t39.30808-6/689013509_122300463194222479_6159890455841513679_n.jpg?stp=dst-jpg_p843x403_tt6&_nc_cat=105&ccb=1-7&_nc_sid=e06c5d&_nc_ohc=IcdQvPy4JVQQ7kNvwEaedIf&_nc_oc=Adps2dqLe4z6T75aPkc8_evPogjDmnnaB6tSu7KlY2-h6oa6A9kOQhKxDQohguo-V2Q&_nc_zt=23&_nc_ht=scontent-icn2-1.xx&_nc_gid=IQdNg-UqJrWzVyEJoZWQiQ&_nc_ss=7b2a8&oh=00_Af41oYKH6BsgN8mEwe7-UehQUUXnrEul5dSbU-3hWW2Y8w&oe=6A085038,,,,3,,,,
,,,,,posted,,,,,,,,,,https://www.facebook.com/groups/3393946167372584,https://scontent-icn2-1.xx.fbcdn.net/v/t39.30808-6/689013509_122300463194222479_6159890455841513679_n.jpg?stp=dst-jpg_p843x403_tt6&_nc_cat=105&ccb=1-7&_nc_sid=e06c5d&_nc_ohc=IcdQvPy4JVQQ7kNvwEaedIf&_nc_oc=Adps2dqLe4z6T75aPkc8_evPogjDmnnaB6tSu7KlY2-h6oa6A9kOQhKxDQohguo-V2Q&_nc_zt=23&_nc_ht=scontent-icn2-1.xx&_nc_gid=32cpCdMdKBCoH-hsy7J-WA&_nc_ss=7b2a8&oh=00_Af637_BWPqj5du7RCUz6BisT3yD0Jzl9fnIAOynEM3TCrg&oe=6A085038,,,,0,,,,
,,,,,posted,,,,,,,,,,https://www.facebook.com/groups/3393946167372584,https://scontent-icn2-1.xx.fbcdn.net/v/t39.30808-6/689013509_122300463194222479_6159890455841513679_n.jpg?stp=dst-jpg_p843x403_tt6&_nc_cat=105&ccb=1-7&_nc_sid=e06c5d&_nc_ohc=IcdQvPy4JVQQ7kNvwEaedIf&_nc_oc=Adps2dqLe4z6T75aPkc8_evPogjDmnnaB6tSu7KlY2-h6oa6A9kOQhKxDQohguo-V2Q&_nc_zt=23&_nc_ht=scontent-icn2-1.xx&_nc_gid=HvYtuiMq2sAjJUY7qpyIRw&_nc_ss=7b2a8&oh=00_Af6nkh207bdktWwsjTKt2NMpWppiIO_7k0XAeU5uQSVXyg&oe=6A085038,,,,1,,,,
,,,,,posted,,,,,,,,,,https://www.facebook.com/groups/3393946167372584,https://scontent-icn2-1.xx.fbcdn.net/v/t39.30808-6/689013509_122300463194222479_6159890455841513679_n.jpg?stp=dst-jpg_p843x403_tt6&_nc_cat=105&ccb=1-7&_nc_sid=e06c5d&_nc_ohc=IcdQvPy4JVQQ7kNvwEaedIf&_nc_oc=Adps2dqLe4z6T75aPkc8_evPogjDmnnaB6tSu7KlY2-h6oa6A9kOQhKxDQohguo-V2Q&_nc_zt=23&_nc_ht=scontent-icn2-1.xx&_nc_gid=OKtCX3hbFeOBC9DuDKcF_g&_nc_ss=7b2a8&oh=00_Af66BMgQxC1dGD_D14IPCC8JSlJhHPzeMZdwf23O12fPnQ&oe=6A085038,,,,0,,,,
,,,,,posted,,,,,,,,,,https://www.facebook.com/groups/3393946167372584,https://scontent-icn2-1.xx.fbcdn.net/v/t39.30808-6/689013509_122300463194222479_6159890455841513679_n.jpg?stp=dst-jpg_p843x403_tt6&_nc_cat=105&ccb=1-7&_nc_sid=e06c5d&_nc_ohc=IcdQvPy4JVQQ7kNvwEaedIf&_nc_oc=Adps2dqLe4z6T75aPkc8_evPogjDmnnaB6tSu7KlY2-h6oa6A9kOQhKxDQohguo-V2Q&_nc_zt=23&_nc_ht=scontent-icn2-1.xx&_nc_gid=aBe9RFAMQ0MM6jySCJpQBg&_nc_ss=7b2a8&oh=00_Af5x0BFUK7YAXxZd00esg9belF-c7atuLfA4mSrx19yuIQ&oe=6A085038,,,,0,,,,
,,,,,posted,,,,,,,,,,https://www.facebook.com/groups/3393946167372584,https://scontent-icn2-1.xx.fbcdn.net/v/t39.30808-6/689013509_122300463194222479_6159890455841513679_n.jpg?stp=dst-jpg_p843x403_tt6&_nc_cat=105&ccb=1-7&_nc_sid=e06c5d&_nc_ohc=Ww3xTRsxh4UQ7kNvwHUjAYy&_nc_oc=Adrq88IMM--le36NFnY9iWlOhwDRCoY94yhoQ7cazL79d6HMQBKglnS8tS4r71SWRVg&_nc_zt=23&_nc_ht=scontent-icn2-1.xx&_nc_gid=zOyKZs9VvdYApSp0M8L6UQ&_nc_ss=7b2a8&oh=00_Af7qcSOUHpxnlQjRzbXNjP3FWdF7qyIc_MudmIxm0m4YWg&oe=6A085038,,,,0,,,,
,,,,,posted,,,,,,,,,,https://www.facebook.com/groups/3393946167372584,https://scontent-icn2-1.xx.fbcdn.net/v/t39.30808-6/689013509_122300463194222479_6159890455841513679_n.jpg?stp=dst-jpg_p843x403_tt6&_nc_cat=105&ccb=1-7&_nc_sid=e06c5d&_nc_ohc=Ww3xTRsxh4UQ7kNvwHUjAYy&_nc_oc=Adrq88IMM--le36NFnY9iWlOhwDRCoY94yhoQ7cazL79d6HMQBKglnS8tS4r71SWRVg&_nc_zt=23&_nc_ht=scontent-icn2-1.xx&_nc_gid=zmWRoPuye1WbUA9BYHnEpQ&_nc_ss=7b2a8&oh=00_Af6eKrlHuSU-N5FniJE-qT13OUaEYnWCIJ33bF9eAPl7rw&oe=6A085038,,,,0,,,,
,,,,,posted,,,,,,,,,,https://www.facebook.com/groups/3393946167372584,https://scontent-icn2-1.xx.fbcdn.net/v/t39.30808-6/689013509_122300463194222479_6159890455841513679_n.jpg?stp=dst-jpg_p843x403_tt6&_nc_cat=105&ccb=1-7&_nc_sid=e06c5d&_nc_ohc=Ww3xTRsxh4UQ7kNvwHUjAYy&_nc_oc=Adrq88IMM--le36NFnY9iWlOhwDRCoY94yhoQ7cazL79d6HMQBKglnS8tS4r71SWRVg&_nc_zt=23&_nc_ht=scontent-icn2-1.xx&_nc_gid=lRVetQE-pLJmvFbQIBbelw&_nc_ss=7b2a8&oh=00_Af56yU5cinJwFuoCbUnpUzsVN3tKRCyJZZd9_qkPjNbIsQ&oe=6A085038,,,,2,,,,
,,,,,failed,,,,,,,"미디어 생성 실패: {'error': {'message': 'The aspect ratio is not supported.', 'type': 'OAuthException', 'code': 36003, 'error_subcode': 2207009, 'is_transient': False, 'error_user_title': '화면 비율 오류', 'error_user_msg': '() 화면 비율로 제출된 이미지는 게시할 수 없습니다. 화면 비율이 올바른 이미지를 제출하세요.', 'fbtrace_id': 'Ah31yrsv0oIkQ4Z9cRHVlpa'}}",,,https://www.facebook.com/groups/3393946167372584,https://scontent-icn2-1.xx.fbcdn.net/v/t39.30808-6/697247100_122204239028575213_3077976291112481795_n.jpg?stp=dst-jpg_p552x414_tt6&_nc_cat=109&ccb=1-7&_nc_sid=e06c5d&_nc_ohc=jVfvEsrkvakQ7kNvwEa89Z8&_nc_oc=AdoawkjqHdt1_MucQ2Fiu1g6UQ_hG0knWOuoLjuKMOSMssfd4vJTbhOugfa_HDywFek&_nc_zt=23&_nc_ht=scontent-icn2-1.xx&_nc_gid=fIx1_Xr5sFhqCzMFI6i05g&_nc_ss=7b2a8&oh=00_Af6uFp7rxLR5Qfv5zDzBdlbmYlzT6DAZqvyFEdo2iKZ64g&oe=6A084E77,,,,3,,,,
,,,,,posted,,,,,,,,,,https://www.facebook.com/groups/3393946167372584,https://scontent-icn2-1.xx.fbcdn.net/v/t39.30808-6/694060179_122300534078222479_8933924677377784755_n.jpg?stp=dst-jpg_p960x960_tt6&_nc_cat=107&ccb=1-7&_nc_sid=e06c5d&_nc_ohc=hgFuQH3R-BMQ7kNvwGj8qcD&_nc_oc=AdpbWoyk105nfHYJagd5omE602pYNheh16MpM1EHZhIG4jNd3Br35fPTwmbm-AmEQm0&_nc_zt=23&_nc_ht=scontent-icn2-1.xx&_nc_gid=wGNatU3Wi6RoIqfmAUJzWg&_nc_ss=7b2a8&oh=00_Af4V7bzzSUtMudGKxjpqf8VtvckY119TbgUlKuHJWxSaKg&oe=6A08619C,,,,1,,,,
,,,,,posted,,,,,,,,,,https://www.facebook.com/groups/3393946167372584,https://scontent-icn2-1.xx.fbcdn.net/v/t39.30808-6/696042907_898804266505482_4041772546735835827_n.jpg?_nc_cat=109&ccb=1-7&_nc_sid=e06c5d&_nc_ohc=Liimzx5LwhAQ7kNvwG1ZxDK&_nc_oc=Ado8dAr_ZYK78ugo64URnZO20gib26e26ZZMpsji23r82frs787bJYYxlRAdR_VtLws&_nc_zt=23&_nc_ht=scontent-icn2-1.xx&_nc_gid=vD12rv29iPdyejehl11DJw&_nc_ss=7b2a8&oh=00_Af6Iwb64-JVnYEfjFEtuo4AQaD3QU1neNeqTYDgLbHU8nA&oe=6A088F31,,,,0,,,,
,,,,,posted,,,,,,,,,,https://www.facebook.com/groups/3393946167372584,https://scontent-icn2-1.xx.fbcdn.net/v/t39.30808-6/696042907_898804266505482_4041772546735835827_n.jpg?_nc_cat=109&ccb=1-7&_nc_sid=e06c5d&_nc_ohc=Liimzx5LwhAQ7kNvwG1ZxDK&_nc_oc=Ado8dAr_ZYK78ugo64URnZO20gib26e26ZZMpsji23r82frs787bJYYxlRAdR_VtLws&_nc_zt=23&_nc_ht=scontent-icn2-1.xx&_nc_gid=L31NU3h98bSdueqvPWk_Yw&_nc_ss=7b2a8&oh=00_Af76f2Y9qB5kvL8UYPsWih2dO1vXOppT69I8IKTJPA3s8g&oe=6A088F31,,,,0,,,,
,,,,,posted,,,,,,,,,,https://www.facebook.com/groups/3393946167372584,https://scontent-icn2-1.xx.fbcdn.net/v/t39.30808-6/697140385_4504493396542539_7905670627094377519_n.jpg?stp=cp6_dst-jpg_tt6&_nc_cat=103&ccb=1-7&_nc_sid=aa7b47&_nc_ohc=JxmmL-V-tB0Q7kNvwFzZlI0&_nc_oc=AdqWKpKGbYXIVCU3IGEt-K2P6AzG57eqvpiR2Bama93tj9a1ZkHJzefj-X0x6ZjbEZc&_nc_zt=23&_nc_ht=scontent-icn2-1.xx&_nc_gid=WV1RiBHbt1MTEU2c7DNm2w&_nc_ss=7b2a8&oh=00_Af7LkgJNqDDjLXC0fSYAeNws2IGClX34JXqBdiWvzSHbqA&oe=6A0A0A55,,,,0,,18297090016303551,0,0
,,,,,posted,,,,,,,,,,https://www.facebook.com/groups/3393946167372584,https://scontent-icn2-1.xx.fbcdn.net/v/t39.30808-6/697140385_4504493396542539_7905670627094377519_n.jpg?stp=cp6_dst-jpg_tt6&_nc_cat=103&ccb=1-7&_nc_sid=aa7b47&_nc_ohc=JxmmL-V-tB0Q7kNvwFzZlI0&_nc_oc=AdqWKpKGbYXIVCU3IGEt-K2P6AzG57eqvpiR2Bama93tj9a1ZkHJzefj-X0x6ZjbEZc&_nc_zt=23&_nc_ht=scontent-icn2-1.xx&_nc_gid=HYW8MY2GGSNTKAGp1tZRYA&_nc_ss=7b2a8&oh=00_Af4do696N89XVxw3F4R55F_7rgGoJUTf8LVxerhUy0VvDg&oe=6A0A0A55,,,,0,,17992026881790986,0,0
,,,,,posted,,,,,,,,,,https://www.facebook.com/groups/3393946167372584,https://scontent-icn2-1.xx.fbcdn.net/v/t39.30808-6/696182769_122131024461092346_8254828670946421444_n.jpg?stp=dst-jpg_p960x960_tt6&_nc_cat=102&ccb=1-7&_nc_sid=833d8c&_nc_ohc=ch-6wBkIJWoQ7kNvwGYO-NP&_nc_oc=AdoOx5sAJPyMJTtHqS2fJ45W5mL-hMZPjxd0Uo-pGy6iwGD5TbMX2D2kUsDiR6alzio&_nc_zt=23&_nc_ht=scontent-icn2-1.xx&_nc_gid=95lvKayke7-R3Bgr0uwPrw&_nc_ss=7b2a8&oh=00_Af5-Vz4ONs-o_IVZplLNcG4UlWRFXzVXjWdujXUy_VeCLg&oe=6A09E858,,,,0,,18215719960325000,0,0
,,,,,posted,,,,,,,,,,https://www.facebook.com/groups/3393946167372584,https://scontent-icn2-1.xx.fbcdn.net/v/t39.30808-6/696182769_122131024461092346_8254828670946421444_n.jpg?stp=dst-jpg_p960x960_tt6&_nc_cat=102&ccb=1-7&_nc_sid=833d8c&_nc_ohc=ch-6wBkIJWoQ7kNvwGYO-NP&_nc_oc=AdoOx5sAJPyMJTtHqS2fJ45W5mL-hMZPjxd0Uo-pGy6iwGD5TbMX2D2kUsDiR6alzio&_nc_zt=23&_nc_ht=scontent-icn2-1.xx&_nc_gid=0RmGJ8xRtw5i36R5MywRZA&_nc_ss=7b2a8&oh=00_Af5nyR0bd5ydHBlY42vOtL7HsyP0NwczV9KxpJoDI1-1Wg&oe=6A0A2098,,,,0,,18584677411024976,0,0
,,,,,posted,,,,,,,,,,https://www.facebook.com/groups/3393946167372584,https://scontent-icn2-1.xx.fbcdn.net/v/t39.30808-6/696080175_1522672122785496_6908328527954474329_n.jpg?stp=cp6_dst-jpg_p960x960_tt6&_nc_cat=101&ccb=1-7&_nc_sid=aa7b47&_nc_ohc=7YTCTlHzznMQ7kNvwHGKUQF&_nc_oc=Adrva3hiMgKF6Aj4O9QOaX6E8dF3w7JYzog3qISP6-9m5jpgfnlWk5odjV_RPVLZhUY&_nc_zt=23&_nc_ht=scontent-icn2-1.xx&_nc_gid=Ufdd9YaokyZnBU3wlqmvDA&_nc_ss=7b2a8&oh=00_Af7qc8UZlS8q6nP_JHZZ8lyF6KCfhWWyrNcN3qK9oc4T6g&oe=6A0A165B,,,,0,,18336307714216406,0,0
,,,,,posted,,,,,,,,,,https://www.facebook.com/groups/3393946167372584,https://scontent-icn2-1.xx.fbcdn.net/v/t39.30808-6/696080175_1522672122785496_6908328527954474329_n.jpg?stp=cp6_dst-jpg_p960x960_tt6&_nc_cat=101&ccb=1-7&_nc_sid=aa7b47&_nc_ohc=7YTCTlHzznMQ7kNvwHGKUQF&_nc_oc=Adrva3hiMgKF6Aj4O9QOaX6E8dF3w7JYzog3qISP6-9m5jpgfnlWk5odjV_RPVLZhUY&_nc_zt=23&_nc_ht=scontent-icn2-1.xx&_nc_gid=GUsm9kc5UToB8qvy4tpYzQ&_nc_ss=7b2a8&oh=00_Af7kGdh5YhiJXm_K3hnigfFv6gHUKrKZsMI9shoU9d3gIQ&oe=6A0A165B,,,,0,,18120445870729231,0,0
,,,,,posted,,,,,,,,,,https://www.facebook.com/groups/3393946167372584,https://scontent-icn2-1.xx.fbcdn.net/v/t39.30808-6/696080175_1522672122785496_6908328527954474329_n.jpg?stp=cp6_dst-jpg_p960x960_tt6&_nc_cat=101&ccb=1-7&_nc_sid=aa7b47&_nc_ohc=7YTCTlHzznMQ7kNvwHGKUQF&_nc_oc=Adrva3hiMgKF6Aj4O9QOaX6E8dF3w7JYzog3qISP6-9m5jpgfnlWk5odjV_RPVLZhUY&_nc_zt=23&_nc_ht=scontent-icn2-1.xx&_nc_gid=ZXZS9C3UmA3gJYX0PQR9iQ&_nc_ss=7b2a8&oh=00_Af7fdCF2E4fuqGY6rnIMpKAzMmIZvc8L_VyFKExgKqEjhg&oe=6A0A165B,,,,1,,18115905010690263,0,0
,,,,,posted,,,,,,,,,,https://www.facebook.com/groups/3393946167372584,https://scontent-icn2-1.xx.fbcdn.net/v/t39.30808-6/696080175_1522672122785496_6908328527954474329_n.jpg?stp=cp6_dst-jpg_p960x960_tt6&_nc_cat=101&ccb=1-7&_nc_sid=aa7b47&_nc_ohc=7YTCTlHzznMQ7kNvwHGKUQF&_nc_oc=Adrva3hiMgKF6Aj4O9QOaX6E8dF3w7JYzog3qISP6-9m5jpgfnlWk5odjV_RPVLZhUY&_nc_zt=23&_nc_ht=scontent-icn2-1.xx&_nc_gid=25sfTJLT5Umw7oGxCqlmNw&_nc_ss=7b2a8&oh=00_Af4H7xTCqWEf3gRQNzI0kP2Q7gP1Zsl61RI8sSot6AvQ2A&oe=6A0A165B,,,,0,,18201461419352630,0,0
,,,,,posted,,,,,,,,,,https://www.facebook.com/groups/3393946167372584,https://scontent-icn2-1.xx.fbcdn.net/v/t39.30808-6/696080175_1522672122785496_6908328527954474329_n.jpg?stp=cp6_dst-jpg_p960x960_tt6&_nc_cat=101&ccb=1-7&_nc_sid=aa7b47&_nc_ohc=7YTCTlHzznMQ7kNvwHGKUQF&_nc_oc=Adrva3hiMgKF6Aj4O9QOaX6E8dF3w7JYzog3qISP6-9m5jpgfnlWk5odjV_RPVLZhUY&_nc_zt=23&_nc_ht=scontent-icn2-1.xx&_nc_gid=N6TkVBbWSxAdqHjq_KJ_0A&_nc_ss=7b2a8&oh=00_Af5WmTAwUCUA2D7_6ucjSZ2AIoLDffWQyBd5li7UaqGuvQ&oe=6A0A4E9B,,,,0,,18101906731886595,0,0
,,,,,posted,,,,,,,,,,https://www.facebook.com/groups/3393946167372584,https://scontent-icn2-1.xx.fbcdn.net/v/t39.30808-6/696080175_1522672122785496_6908328527954474329_n.jpg?stp=cp6_dst-jpg_p960x960_tt6&_nc_cat=101&ccb=1-7&_nc_sid=aa7b47&_nc_ohc=7YTCTlHzznMQ7kNvwHGKUQF&_nc_oc=Adrva3hiMgKF6Aj4O9QOaX6E8dF3w7JYzog3qISP6-9m5jpgfnlWk5odjV_RPVLZhUY&_nc_zt=23&_nc_ht=scontent-icn2-1.xx&_nc_gid=shMDudlHVD8OXkEDkuUtIg&_nc_ss=7b2a8&oh=00_Af5UzyXFS6kjorR8gibQpwwYU7BZlxh2JN9JkWTfwxc6fQ&oe=6A0A4E9B,,,,0,,18093800992957842,0,0
,,,,,posted,,,,,,,,,,https://www.facebook.com/groups/3393946167372584,https://scontent-icn2-1.xx.fbcdn.net/v/t39.30808-6/696080175_1522672122785496_6908328527954474329_n.jpg?stp=cp6_dst-jpg_p960x960_tt6&_nc_cat=101&ccb=1-7&_nc_sid=aa7b47&_nc_ohc=7YTCTlHzznMQ7kNvwHGKUQF&_nc_oc=Adrva3hiMgKF6Aj4O9QOaX6E8dF3w7JYzog3qISP6-9m5jpgfnlWk5odjV_RPVLZhUY&_nc_zt=23&_nc_ht=scontent-icn2-1.xx&_nc_gid=rrM9aRz0_wtmdow479F6gA&_nc_ss=7b2a8&oh=00_Af4C-SXnv4tvWD-FdoYITs3fgfZT6hn3ngTTzMt1FRFkdQ&oe=6A0A4E9B,,,,0,,17933276166264184,0,0
,,,,,posted,,,,,,,,,,https://www.facebook.com/groups/3393946167372584,https://scontent-icn2-1.xx.fbcdn.net/v/t39.30808-6/700118896_966337662698611_1883889131988531589_n.jpg?stp=dst-jpg_p960x960_tt6&_nc_cat=111&ccb=1-7&_nc_sid=127cfc&_nc_ohc=8mCs_yfApEEQ7kNvwG__MJ3&_nc_oc=Adqcx84BV0OKCG7AKii7AYxaDhUL3A6oqsvQwY2yqLPbwSsFDqz3TKGJWQbtgphSnuY&_nc_zt=23&_nc_ht=scontent-icn2-1.xx&_nc_gid=3SiLuDKHbXMQ3Z4y52LnOg&_nc_ss=7b2a8&oh=00_Af6sUMGetPHPX5f1o0U6g2svc8jsIqSTIGoQpg-n-kHNDw&oe=6A0B0AF1,,,,0,,17867779836681010,0,0
,,,,,posted,,,,,,,,,,https://www.facebook.com/groups/3393946167372584,https://scontent-icn2-1.xx.fbcdn.net/v/t39.30808-6/700118896_966337662698611_1883889131988531589_n.jpg?stp=dst-jpg_p960x960_tt6&_nc_cat=111&ccb=1-7&_nc_sid=127cfc&_nc_ohc=8mCs_yfApEEQ7kNvwG__MJ3&_nc_oc=Adqcx84BV0OKCG7AKii7AYxaDhUL3A6oqsvQwY2yqLPbwSsFDqz3TKGJWQbtgphSnuY&_nc_zt=23&_nc_ht=scontent-icn2-1.xx&_nc_gid=noro8apEQPs0Wq3aGg5kwA&_nc_ss=7b2a8&oh=00_Af4KrYjbeUD5FaU4CH2IWC7GjRa7MHS4VP07onpae19hFQ&oe=6A0B0AF1,,,,0,,18127717696613480,0,0
,,,,,posted,,,,,,,,,,https://www.facebook.com/groups/3393946167372584,https://scontent-icn2-1.xx.fbcdn.net/v/t39.30808-6/700118896_966337662698611_1883889131988531589_n.jpg?stp=dst-jpg_p960x960_tt6&_nc_cat=111&ccb=1-7&_nc_sid=127cfc&_nc_ohc=8mCs_yfApEEQ7kNvwG__MJ3&_nc_oc=Adqcx84BV0OKCG7AKii7AYxaDhUL3A6oqsvQwY2yqLPbwSsFDqz3TKGJWQbtgphSnuY&_nc_zt=23&_nc_ht=scontent-icn2-1.xx&_nc_gid=VMFwFxBOl0uvpDxQV9vl2Q&_nc_ss=7b2a8&oh=00_Af76ZrhvZ3H1_hQUz2Fi6hv5IQxFAdv6CdT7l6NwcZJLSg&oe=6A0B0AF1,,,,1,,18095623270917981,0,0
,,,,,posted,,,,,,,,,,https://www.facebook.com/groups/3393946167372584,https://scontent-icn2-1.xx.fbcdn.net/v/t39.30808-6/696499275_900332363019339_7359209922543824649_n.jpg?stp=cp6_dst-jpg_tt6&_nc_cat=108&ccb=1-7&_nc_sid=aa7b47&_nc_ohc=m2GivQSlhj8Q7kNvwE2Lf52&_nc_oc=Adq2dRxZytounNBhNnEvTZZmTfshhZuuzhlFLEQGIPAAhgRVx9KXHsSA3tGTY-jQ6-k&_nc_zt=23&_nc_ht=scontent-icn2-1.xx&_nc_gid=8va58qBukgebZBG_jMC03A&_nc_ss=7b2a8&oh=00_Af6YL0adDfcGSbDax_WIoMeQX1TDyyfbQJCDAKfqSow8Rg&oe=6A0AE1D7,,,,0,,17932798758256401,0,0
,,,,,posted,,,,,,,,,,https://www.facebook.com/groups/3393946167372584,https://scontent-icn2-1.xx.fbcdn.net/v/t39.30808-6/696499275_900332363019339_7359209922543824649_n.jpg?stp=cp6_dst-jpg_tt6&_nc_cat=108&ccb=1-7&_nc_sid=aa7b47&_nc_ohc=m2GivQSlhj8Q7kNvwE2Lf52&_nc_oc=Adq2dRxZytounNBhNnEvTZZmTfshhZuuzhlFLEQGIPAAhgRVx9KXHsSA3tGTY-jQ6-k&_nc_zt=23&_nc_ht=scontent-icn2-1.xx&_nc_gid=PX9c4VbuYTson4kPuEii2Q&_nc_ss=7b2a8&oh=00_Af7ZcBVWhrA2yapUYTl7EkBj2i5gsdcpOHBJb4gOxrYSug&oe=6A0AE1D7,,,,0,,18090774263258036,0,0
,,,,,posted,,,,,,,,,,https://www.facebook.com/groups/3393946167372584,https://scontent-icn2-1.xx.fbcdn.net/v/t39.30808-6/693430089_122300578112222479_6049301606053489697_n.jpg?_nc_cat=108&ccb=1-7&_nc_sid=aa7b47&_nc_ohc=6IgXHhbioW0Q7kNvwE1MX2j&_nc_oc=AdrsBTBmgi0uCiwa-rI0ACFw_qYk_k0B8ni1ps9uk4GXjMp2DuY834goc_jFEmhVRqw&_nc_zt=23&_nc_ht=scontent-icn2-1.xx&_nc_gid=uyQ_WUPQMcS6KFjhaPR8Gw&_nc_ss=7b2a8&oh=00_Af44Fx1GtqvfUjDeqYT1NKbukS002LZKzrJGE4ID7wU8Vg&oe=6A0BA2AF,,,,0,,18097286558159555,0,0
,,,,#코리아나오르시아 #수출 #해외시장 #화장품 #뷰티 #K뷰티 #수출공급 #글로벌 #신제품,posted,,,,,,,,,,https://www.facebook.com/groups/3393946167372584,https://scontent-icn2-1.xx.fbcdn.net/v/t39.30808-6/698888445_26684341484550572_7018619580524713066_n.jpg?_nc_cat=111&ccb=1-7&_nc_sid=aa7b47&_nc_ohc=zmW-yfIHDVoQ7kNvwGm73RO&_nc_oc=AdovJKrlny-Qark4KuhHJSCpVIFWLzdWkCxbokEs4rYWt6XT2Px-rtBUgznzYzNMNqI&_nc_zt=23&_nc_ht=scontent-icn2-1.xx&_nc_gid=jQ2q7oyq2ijX8ToGmeJeAw&_nc_ss=7b2a8&oh=00_Af4QRRzFWz-rqRENHQ0B4iSe1cwi29IWJokcQUmF8furqQ&oe=6A0CEBD9,,,코리아나오르시아에서 수출 공급을 시작합니다! ✈️✨ 다양한 제품으로 여러분을 찾아뵐 예정이니 많은 기대 부탁드려요! 😊,0,,17956057368132889,0,0
,,,,#코리아나오르시아 #수출 #글로벌 #박광선 #뷰티 #화장품 #kbeauty #export #globalbeauty,posted,,,,,,,,,,https://www.facebook.com/groups/3393946167372584,https://scontent-icn2-1.xx.fbcdn.net/v/t39.30808-6/698888445_26684341484550572_7018619580524713066_n.jpg?_nc_cat=111&ccb=1-7&_nc_sid=aa7b47&_nc_ohc=zmW-yfIHDVoQ7kNvwGm73RO&_nc_oc=AdovJKrlny-Qark4KuhHJSCpVIFWLzdWkCxbokEs4rYWt6XT2Px-rtBUgznzYzNMNqI&_nc_zt=23&_nc_ht=scontent-icn2-1.xx&_nc_gid=CSvKBZP7E03Ve4ekq7QV1w&_nc_ss=7b2a8&oh=00_Af6vVbeyV8lSY2prVpb5zUa7uSKI8fQ3WwSDUBhNwGtVHA&oe=6A0CEBD9,,,코리아나 오르시아에서 수출 공급을 시작합니다! 🌍✨ 박광선님의 소식과 함께 더 넓은 세계로 나아갈 코리아나 오르시아를 기대해주세요! 💖,0,,18091571717247598,0,0
,,,,#코리아나오르시아 #K뷰티 #수출 #화장품 #뷰티스타그램 #글로벌뷰티 #코스메틱 #뷰티신제품 #해외수출 #화장품추천,posted,,,,,,,,,,https://www.facebook.com/groups/3393946167372584,https://scontent-icn2-1.xx.fbcdn.net/v/t39.30808-6/698888445_26684341484550572_7018619580524713066_n.jpg?_nc_cat=111&ccb=1-7&_nc_sid=aa7b47&_nc_ohc=zmW-yfIHDVoQ7kNvwGm73RO&_nc_oc=AdovJKrlny-Qark4KuhHJSCpVIFWLzdWkCxbokEs4rYWt6XT2Px-rtBUgznzYzNMNqI&_nc_zt=23&_nc_ht=scontent-icn2-1.xx&_nc_gid=mwOWP3eF4k5v9Q9QW_Twlw&_nc_ss=7b2a8&oh=00_Af736SKMUNFiIO0I7HOLizWoOfaZguewgnqHopSANTg6rg&oe=6A0CEBD9,,,코리아나오르시아에서 자랑스러운 K-뷰티 제품 수출 공급을 시작했습니다! ✨ 앞으로 더 많은 해외 고객들과 만날 생각에 기대가 커요. 💖,0,,18099127193036015,0,0
,,,,#코리아나오르시아 #수출 #글로벌 #K뷰티 #뷰티스타그램 #화장품 #화장품추천 #KoreanaOrthia #export,posted,,,,,,,,,,https://www.facebook.com/groups/3393946167372584,https://scontent-icn2-1.xx.fbcdn.net/v/t39.30808-6/698888445_26684341484550572_7018619580524713066_n.jpg?_nc_cat=111&ccb=1-7&_nc_sid=aa7b47&_nc_ohc=zmW-yfIHDVoQ7kNvwGm73RO&_nc_oc=AdovJKrlny-Qark4KuhHJSCpVIFWLzdWkCxbokEs4rYWt6XT2Px-rtBUgznzYzNMNqI&_nc_zt=23&_nc_ht=scontent-icn2-1.xx&_nc_gid=KQycgY8MKgn61Sk5i3Zq7w&_nc_ss=7b2a8&oh=00_Af5toEwzlsq-v8bS2mgyFviCsFj7FHNianEo7DayRQW3JQ&oe=6A0CEBD9,,,코리아나오르시아에서 박광선 님께서 수출 공급 소식을 전해주셨어요! 🇰🇷✨ 코리아나오르시아의 다양한 제품을 이제 해외에서도 만나볼 수 있겠네요! ✈️,1,,17888557887377183,0,0
,,,,#코리아나오르시아 #수출 #공급 #K뷰티 #화장품 #글로벌 #오르시아 #뷰티스타그램 #KoreanaOrthia #BeautyExport,posted,,,,,,,,,,https://www.facebook.com/groups/3393946167372584,https://scontent-icn2-1.xx.fbcdn.net/v/t39.30808-6/698888445_26684341484550572_7018619580524713066_n.jpg?_nc_cat=111&ccb=1-7&_nc_sid=aa7b47&_nc_ohc=zmW-yfIHDVoQ7kNvwGm73RO&_nc_oc=AdovJKrlny-Qark4KuhHJSCpVIFWLzdWkCxbokEs4rYWt6XT2Px-rtBUgznzYzNMNqI&_nc_zt=23&_nc_ht=scontent-icn2-1.xx&_nc_gid=J8q-aswCzX8JbV7lKFJ3Fg&_nc_ss=7b2a8&oh=00_Af4w3e_G52Dcez9xhQuGZfBZnGCZNnOo0qgxCNCnD67LrQ&oe=6A0CEBD9,,,📢 코리아나 오르시아에서 수출 공급을 시작했습니다! 🇰🇷 ✨ 훌륭한 제품을 전 세계로 알릴 기회! ✈️,0,,17959458213087516,0,0
,,,,#코리아나오르시아 #수출 #해외수출 #글로벌화장품 #K뷰티 #화장품수출 #박광선 #노한민,posted,,,,,,,,,,https://www.facebook.com/groups/3393946167372584,https://scontent-icn2-1.xx.fbcdn.net/v/t39.30808-6/698888445_26684341484550572_7018619580524713066_n.jpg?_nc_cat=111&ccb=1-7&_nc_sid=aa7b47&_nc_ohc=zmW-yfIHDVoQ7kNvwGm73RO&_nc_oc=AdovJKrlny-Qark4KuhHJSCpVIFWLzdWkCxbokEs4rYWt6XT2Px-rtBUgznzYzNMNqI&_nc_zt=23&_nc_ht=scontent-icn2-1.xx&_nc_gid=IOQAu-cGi74do4SJ9Kw8sA&_nc_ss=7b2a8&oh=00_Af7RnCEZjR_3QTtTrfj73dLJK4xxbjie0TPnxpcw6lujZA&oe=6A0CEBD9,,,코리아나오르시아에서 믿음직한 제품을 전 세계로 수출하고 있습니다! 🌍✨ 더 많은 분들께 좋은 제품을 선보일 수 있도록 최선을 다하겠습니다. 🇰🇷✈️,0,,18528487141078384,0,0
,,,,,posted,,,,,,,,,,https://www.facebook.com/groups/3393946167372584,https://scontent-icn2-1.xx.fbcdn.net/v/t39.30808-6/698888445_26684341484550572_7018619580524713066_n.jpg?_nc_cat=111&ccb=1-7&_nc_sid=aa7b47&_nc_ohc=zmW-yfIHDVoQ7kNvwGm73RO&_nc_oc=AdovJKrlny-Qark4KuhHJSCpVIFWLzdWkCxbokEs4rYWt6XT2Px-rtBUgznzYzNMNqI&_nc_zt=23&_nc_ht=scontent-icn2-1.xx&_nc_gid=ROEbaU3Up3-eSEF4tc-nBA&_nc_ss=7b2a8&oh=00_Af6QvH1nbBeoBfacZ4iuVaW-cYENjuAYDerP9e7EX-bLNw&oe=6A0CEBD9,,,,0,,18042928976794777,0,0
,,,,#코리아나오르시아 #수출 #화장품 #K뷰티 #뷰티스타그램 #글로벌 #오르시아 #코리아나 #해외수출 #화장품수출,posted,,,,,,,,,,https://www.facebook.com/groups/3393946167372584,https://scontent-icn2-1.xx.fbcdn.net/v/t39.30808-6/698888445_26684341484550572_7018619580524713066_n.jpg?_nc_cat=111&ccb=1-7&_nc_sid=aa7b47&_nc_ohc=zmW-yfIHDVoQ7kNvwGm73RO&_nc_oc=AdovJKrlny-Qark4KuhHJSCpVIFWLzdWkCxbokEs4rYWt6XT2Px-rtBUgznzYzNMNqI&_nc_zt=23&_nc_ht=scontent-icn2-1.xx&_nc_gid=vUS_7CdXgxxf8w2foYQNNA&_nc_ss=7b2a8&oh=00_Af5vra1psNCwUvrvyotBLCmm-Y4OzsaEg0cXfzoVJWeTrQ&oe=6A0CEBD9,,,코리아나오르시아에서 수출 공급을 시작했어요! 🌏✨ 더 자세한 내용은 웹사이트에서 확인하세요! 💻,0,,18177285475399276,0,0
,,,,#구함 #급구 #찾아요 #문의환영 #연락주세요 #도움요청 #함께해요 #소통해요 #인친환영,posted,,,,,,,,,,https://www.facebook.com/groups/3393946167372584,https://scontent-icn2-1.xx.fbcdn.net/v/t39.30808-6/699858839_2027180414673504_587254832995199806_n.jpg?_nc_cat=102&ccb=1-7&_nc_sid=aa7b47&_nc_ohc=kdItmSu7Sg4Q7kNvwHJf-3t&_nc_oc=Ado4n5k4fVXiXOV7wHQmv8VwH_o28hEfGe8oFrPkKpIJpDqXzsmDQIga6PQVHhJ-h6s&_nc_zt=23&_nc_ht=scontent-icn2-1.xx&_nc_gid=HmkiGJ1dBaA9FVobDV8cFg&_nc_ss=7b2a8&oh=00_Af7lnD6gev51j7NfMOL0r8oyQuJAuk1DdWFchTmum-Z6ig&oe=6A0CF849,,,💨 구합니다! 혹시 공급해주실 분 계신가요? 🙋‍♀️ DM이나 댓글로 편하게 연락주세요! 🤝,1,,18103657157475766,0,0
,,,,#공급 #구해요 #도움 #협찬 #마케팅 #비즈니스 #연락주세요 #노한민,posted,,,,,,,,,,https://www.facebook.com/groups/3393946167372584,https://scontent-icn2-1.xx.fbcdn.net/v/t39.30808-6/699858839_2027180414673504_587254832995199806_n.jpg?_nc_cat=102&ccb=1-7&_nc_sid=aa7b47&_nc_ohc=kdItmSu7Sg4Q7kNvwHJf-3t&_nc_oc=Ado4n5k4fVXiXOV7wHQmv8VwH_o28hEfGe8oFrPkKpIJpDqXzsmDQIga6PQVHhJ-h6s&_nc_zt=23&_nc_ht=scontent-icn2-1.xx&_nc_gid=TiqderTCKpDd138LxtmRqA&_nc_ss=7b2a8&oh=00_Af6qZRgMMmSD0OFbwuFbcWi2Wto0wcoJSDJHHmSshuRh0g&oe=6A0CF849,,,🧐 혹시 이 제품 공급해주실 분 계신가요? 노한민 계정으로 연락 주세요! 🙏,0,,18091211684594954,0,0
,,,,#구친 #협찬 #사업기회 #공급문의 #노한민 #비즈니스 #구인 #협력 #연락주세요 #기회,posted,,,,,,,,,,https://www.facebook.com/groups/3393946167372584,https://scontent-icn2-1.xx.fbcdn.net/v/t39.30808-6/699858839_2027180414673504_587254832995199806_n.jpg?_nc_cat=102&ccb=1-7&_nc_sid=aa7b47&_nc_ohc=kdItmSu7Sg4Q7kNvwHJf-3t&_nc_oc=Ado4n5k4fVXiXOV7wHQmv8VwH_o28hEfGe8oFrPkKpIJpDqXzsmDQIga6PQVHhJ-h6s&_nc_zt=23&_nc_ht=scontent-icn2-1.xx&_nc_gid=85oZ80MkG-fmYWI-HE9fEQ&_nc_ss=7b2a8&oh=00_Af7ZQyY0nlfrForpuRh0gjqUTmI5qb-g2rjyqrSuN--ASw&oe=6A0CF849,,,💬 구친에게 좋은 제안이 왔어요! 이 제품을 공급해주실 분을 찾고 있습니다. 관심 있으신 분은 언제든지 노한민 계정으로 연락해주세요! 😊,0,,18079507835530586,0,0
,,,,#공급 #제품문의 #협업 #사업기회 #연락주세요 #도와주세요 #비즈니스 #구함 #파트너십 #도와주실분,failed,,,,,,,"게시 실패: {'error': {'message': 'Media ID is not available', 'type': 'OAuthException', 'code': 9007, 'error_subcode': 2207027, 'is_transient': False, 'error_user_title': '게시할 수 없음', 'error_user_msg': '아직 준비가 완료되지 않아 미디어를 게시할 수 없습니다. 잠시만 기다려주세요', 'fbtrace_id': 'A9J1fXPpXwdc5Kj4tSP02bd'}}",,,https://www.facebook.com/groups/3393946167372584,https://scontent-icn2-1.xx.fbcdn.net/v/t39.30808-6/699858839_2027180414673504_587254832995199806_n.jpg?_nc_cat=102&ccb=1-7&_nc_sid=aa7b47&_nc_ohc=kdItmSu7Sg4Q7kNvwHJf-3t&_nc_oc=Ado4n5k4fVXiXOV7wHQmv8VwH_o28hEfGe8oFrPkKpIJpDqXzsmDQIga6PQVHhJ-h6s&_nc_zt=23&_nc_ht=scontent-icn2-1.xx&_nc_gid=ZhnADE0SaWkw9i3zhGy37g&_nc_ss=7b2a8&oh=00_Af5kfbu37B2Cz43lZXBVWOZAUZHG24nYqvBkd-YKn4pzyw&oe=6A0CF849,,,💖 도움 주실 분 찾아요! 💖 혹시 이 제품을 공급해주실 수 있는 분이 있다면 언제든 편하게 연락주세요! 😊,3,,,,
,,,,#구친 #오랜만 #친구 #우정 #모임 #행복 #추억 #시간 #함께 #소중,posted,,,,,,,,,,https://www.facebook.com/groups/3393946167372584,https://scontent-icn2-1.xx.fbcdn.net/v/t39.30808-6/699858839_2027180414673504_587254832995199806_n.jpg?_nc_cat=102&ccb=1-7&_nc_sid=aa7b47&_nc_ohc=kdItmSu7Sg4Q7kNvwHJf-3t&_nc_oc=Ado4n5k4fVXiXOV7wHQmv8VwH_o28hEfGe8oFrPkKpIJpDqXzsmDQIga6PQVHhJ-h6s&_nc_zt=23&_nc_ht=scontent-icn2-1.xx&_nc_gid=Jtp3AXyAZJnt4h_e3izdew&_nc_ss=7b2a8&oh=00_Af5IbkcGYlBYDsibMAOh0hAzLXHveOrNidLMqoLObtZcYQ&oe=6A0CF849,,,"🌟 오랜만에 만난 소중한 친구! 든든한 친구들과 함께 즐거운 시간을 보냈어요. 😄 앞으로도 변치 않는 우정, 함께해요! ❤️",0,,18423241606125101,0,0
,,,,#구함 #도움주세요 #긴급 #찾아요 #협찬문의 #제품문의 #공급문의 #찾아주세요 #필요해요,posted,,,,,,,,,,https://www.facebook.com/groups/3393946167372584,https://scontent-icn2-1.xx.fbcdn.net/v/t39.30808-6/699858839_2027180414673504_587254832995199806_n.jpg?_nc_cat=102&ccb=1-7&_nc_sid=aa7b47&_nc_ohc=kdItmSu7Sg4Q7kNvwHJf-3t&_nc_oc=Ado4n5k4fVXiXOV7wHQmv8VwH_o28hEfGe8oFrPkKpIJpDqXzsmDQIga6PQVHhJ-h6s&_nc_zt=23&_nc_ht=scontent-icn2-1.xx&_nc_gid=0vRz0CDUP4VfFxHqCCtAiA&_nc_ss=7b2a8&oh=00_Af5mQlbkekfx9LJonhvKXztmLyF7IxJ0lg5Ay_t4musKgg&oe=6A0CF849,,,🚨 구친 분들 주목! 긴급하게 공급해주실 분 찾고 있습니다. 🏃‍♀️🏃‍♂️ 관련하여 도움 주실 수 있는 분은 언제든 DM 주세요! 🙏,0,,18122486491712774,0,0
,,,,#구인 #소통 #인연 #함께 #연락주세요 #같이해요 #친구찾기 #새로운시작,posted,,,,,,,,,,https://www.facebook.com/groups/3393946167372584,https://scontent-icn2-1.xx.fbcdn.net/v/t39.30808-6/699858839_2027180414673504_587254832995199806_n.jpg?_nc_cat=102&ccb=1-7&_nc_sid=aa7b47&_nc_ohc=kdItmSu7Sg4Q7kNvwHJf-3t&_nc_oc=Ado4n5k4fVXiXOV7wHQmv8VwH_o28hEfGe8oFrPkKpIJpDqXzsmDQIga6PQVHhJ-h6s&_nc_zt=23&_nc_ht=scontent-icn2-1.xx&_nc_gid=KwSkvqG0BWdEFO1fgWUkpw&_nc_ss=7b2a8&oh=00_Af6OmJvbDwIqm4ljSKRMSd5iSqFcNjDI_PDct8XA-oFlCQ&oe=6A0CF849,,,🍁 소중한 인연을 찾고 계신가요? 🍁 함께 소통하고 싶은 분들의 연락 기다립니다! 😊,0,,18093523130218266,0,0
,,,,#구인 #공급 #도움요청 #DM주세요 #협찬문의 #파트너십 #사업기회 #마케팅 #홍보 #소통,posted,,,,,,,,,,https://www.facebook.com/groups/3393946167372584,https://scontent-icn2-1.xx.fbcdn.net/v/t39.30808-6/699858839_2027180414673504_587254832995199806_n.jpg?_nc_cat=102&ccb=1-7&_nc_sid=aa7b47&_nc_ohc=kdItmSu7Sg4Q7kNvwHJf-3t&_nc_oc=Ado4n5k4fVXiXOV7wHQmv8VwH_o28hEfGe8oFrPkKpIJpDqXzsmDQIga6PQVHhJ-h6s&_nc_zt=23&_nc_ht=scontent-icn2-1.xx&_nc_gid=_FBDgP0-x3z6XeuDmhEF2A&_nc_ss=7b2a8&oh=00_Af6OtrujFPqSgn84bqjYEOTfk5vDUZ1NI04cM0B8aB2JCA&oe=6A0CF849,,,"🚨 긴급 구인! 🚨 혹시 이 제품 공급해주실 수 있으신 분, DM으로 연락 부탁드립니다! 🙏",0,,18401771065151808,0,0
,,,,#구인 #함께해요 #일자리 #기회 #연락주세요 #채용 #지원 #사람찾아요 #함께성장 #일하자,posted,,,,,,,,,,https://www.facebook.com/groups/3393946167372584,https://scontent-icn2-1.xx.fbcdn.net/v/t39.30808-6/699858839_2027180414673504_587254832995199806_n.jpg?_nc_cat=102&ccb=1-7&_nc_sid=aa7b47&_nc_ohc=kdItmSu7Sg4Q7kNvwHJf-3t&_nc_oc=Ado4n5k4fVXiXOV7wHQmv8VwH_o28hEfGe8oFrPkKpIJpDqXzsmDQIga6PQVHhJ-h6s&_nc_zt=23&_nc_ht=scontent-icn2-1.xx&_nc_gid=HJKBKBWD0V_X_04e_SoefQ&_nc_ss=7b2a8&oh=00_Af6Av6G5LWdVW9QbWu6dE-DuEM8UGhHa1w5bMI0sCDYfJQ&oe=6A0CF849,,,🚨 구인 공고 🚨 여러분의 재능과 열정을 펼칠 기회! 저희와 함께할 분을 찾고 있습니다. 관심 있으신 분은 언제든 연락 주세요! 😉,0,,18181764796382142,0,0
,,,,#구인 #구합니다 #필요하신분 #연락주세요 #협업문의 #구매문의 #공급문의 #찾아요,posted,,,,,,,,,,https://www.facebook.com/groups/3393946167372584,https://scontent-icn2-1.xx.fbcdn.net/v/t39.30808-6/699858839_2027180414673504_587254832995199806_n.jpg?_nc_cat=102&ccb=1-7&_nc_sid=aa7b47&_nc_ohc=kdItmSu7Sg4Q7kNvwHJf-3t&_nc_oc=Ado4n5k4fVXiXOV7wHQmv8VwH_o28hEfGe8oFrPkKpIJpDqXzsmDQIga6PQVHhJ-h6s&_nc_zt=23&_nc_ht=scontent-icn2-1.xx&_nc_gid=HcshCZacgvCR228qirKiBw&_nc_ss=7b2a8&oh=00_Af5UbrP3lx9KlY0pcVIyIoHljMqbf-I-8TjLxZPBPesK7g&oe=6A0CF849,,,📢 구하는 글 올립니다! 혹시 이 제품/서비스 공급 가능하신 분은 DM으로 연락 부탁드려요! 🙏,0,,18121205569646421,0,0
,,,,#구함 #도움 #연락주세요 #긴급 #함께해요 #모집 #구인 #협력 #도와주세요 #SOS,posted,,,,,,,,,,https://www.facebook.com/groups/3393946167372584,https://scontent-icn2-1.xx.fbcdn.net/v/t39.30808-6/699858839_2027180414673504_587254832995199806_n.jpg?_nc_cat=102&ccb=1-7&_nc_sid=aa7b47&_nc_ohc=kdItmSu7Sg4Q7kNvwHJf-3t&_nc_oc=Ado4n5k4fVXiXOV7wHQmv8VwH_o28hEfGe8oFrPkKpIJpDqXzsmDQIga6PQVHhJ-h6s&_nc_zt=23&_nc_ht=scontent-icn2-1.xx&_nc_gid=8HZHA0-DUHmCZ2TY3ANq1g&_nc_ss=7b2a8&oh=00_Af622CXhPeEaBNLREPMpwLiL_J2GsbRjVRpIWaY-hbxDRw&oe=6A0CF849,,,🚨 긴급 모집 🚨 도움 주실 분 급하게 찾고 있습니다! 🤝 함께 해주실 분은 DM 주세요! 🙏,0,,17941547889197853,0,0
,,,,#긴급모집 #아이템구해요 #협찬문의 #물품공급 #구인 #DM환영 #함께해요 #마켓 #판매자모집 #구해요,posted,,,,,,,,,,https://www.facebook.com/groups/3393946167372584,https://scontent-icn2-1.xx.fbcdn.net/v/t39.30808-6/699858839_2027180414673504_587254832995199806_n.jpg?_nc_cat=102&ccb=1-7&_nc_sid=aa7b47&_nc_ohc=kdItmSu7Sg4Q7kNvwHJf-3t&_nc_oc=Ado4n5k4fVXiXOV7wHQmv8VwH_o28hEfGe8oFrPkKpIJpDqXzsmDQIga6PQVHhJ-h6s&_nc_zt=23&_nc_ht=scontent-icn2-1.xx&_nc_gid=C4yES4M5ri8nzLjj60LM7A&_nc_ss=7b2a8&oh=00_Af60jxyHDXPMtpj0bUmjy5n9Irs_K011bA4fr45Jb1erFQ&oe=6A0CF849,,,"🏃‍♀️🏃‍♂️ 여러분, 긴급 구인! 아이템 공급해주실 분을 찾습니다! 🤝 자세한 내용은 DM으로 문의해주세요! 💌",1,,18578585758024376,0,0
,,,,#구함 #구인 #급구 #연락주세요 #기회 #함께해요 #소통 #정보공유 #도와주세요 #협찬,posted,,,,,,,,,,https://www.facebook.com/groups/3393946167372584,https://scontent-icn2-1.xx.fbcdn.net/v/t39.30808-6/699858839_2027180414673504_587254832995199806_n.jpg?_nc_cat=102&ccb=1-7&_nc_sid=aa7b47&_nc_ohc=kdItmSu7Sg4Q7kNvwHJf-3t&_nc_oc=Ado4n5k4fVXiXOV7wHQmv8VwH_o28hEfGe8oFrPkKpIJpDqXzsmDQIga6PQVHhJ-h6s&_nc_zt=23&_nc_ht=scontent-icn2-1.xx&_nc_gid=iFINNS_J-TUxsBgKLYaeFw&_nc_ss=7b2a8&oh=00_Af7eacgwyV_Bgl-0w5uw9yEFoFRY_GvSk9i86K_8yh9FkA&oe=6A0CF849,,,🥺 간절히 공급해주실 분을 찾고 있어요! 🥺 좋은 기회 놓치지 마세요! 연락 기다릴게요! 🙏,0,,17965247880074138,0,0
,,,,,posted,,,,,,,,,,https://www.facebook.com/groups/3393946167372584,https://scontent-icn2-1.xx.fbcdn.net/v/t39.30808-6/699858839_2027180414673504_587254832995199806_n.jpg?_nc_cat=102&ccb=1-7&_nc_sid=aa7b47&_nc_ohc=kdItmSu7Sg4Q7kNvwHJf-3t&_nc_oc=Ado4n5k4fVXiXOV7wHQmv8VwH_o28hEfGe8oFrPkKpIJpDqXzsmDQIga6PQVHhJ-h6s&_nc_zt=23&_nc_ht=scontent-icn2-1.xx&_nc_gid=IW6uB_6LswFaARONKmU4Tg&_nc_ss=7b2a8&oh=00_Af6e5ZmvD9ZEoeLuQLrftBlDthexPs5wjPB7nlpPidOL-Q&oe=6A0CF849,,,,0,,17913415272402670,0,0
,,,,,posted,,,,,,,,,,https://www.facebook.com/groups/3393946167372584,https://scontent-icn2-1.xx.fbcdn.net/v/t39.30808-6/699858839_2027180414673504_587254832995199806_n.jpg?_nc_cat=102&ccb=1-7&_nc_sid=aa7b47&_nc_ohc=kdItmSu7Sg4Q7kNvwHJf-3t&_nc_oc=Ado4n5k4fVXiXOV7wHQmv8VwH_o28hEfGe8oFrPkKpIJpDqXzsmDQIga6PQVHhJ-h6s&_nc_zt=23&_nc_ht=scontent-icn2-1.xx&_nc_gid=KO5CUYVBldeENTpoXI5khQ&_nc_ss=7b2a8&oh=00_Af7UFY35lZJxqzhX-WwDtqdxuMSrgTIZ6_fvqV_JPrlaeQ&oe=6A0CF849,,,,0,,18151455400482649,,
,,,,,posted,,,,,,,,,,https://www.facebook.com/groups/3393946167372584,https://scontent-icn2-1.xx.fbcdn.net/v/t39.30808-6/699858839_2027180414673504_587254832995199806_n.jpg?_nc_cat=102&ccb=1-7&_nc_sid=aa7b47&_nc_ohc=kdItmSu7Sg4Q7kNvwHJf-3t&_nc_oc=Ado4n5k4fVXiXOV7wHQmv8VwH_o28hEfGe8oFrPkKpIJpDqXzsmDQIga6PQVHhJ-h6s&_nc_zt=23&_nc_ht=scontent-icn2-1.xx&_nc_gid=ilw1YuUEhZq-Uw2CfkAw0g&_nc_ss=7b2a8&oh=00_Af4OTY9vyx2gQV-CF519YUdLSg2F-Hsm1E9WqvFGM1lVKA&oe=6A0CF849,,,,0,,18075188147651967,,